{
  "format_version": 2,

  "server": {
    "heart_beat_timeout": 600
  },
  "task_data_filters": [],
  "task_result_filters": [],
  "components": [
    {
      "id": "persistor",
      "path": "nvflare.app_opt.pt.file_model_persistor.PTFileModelPersistor",
      "args": {}
    },
    {
      "id": "shareable_generator",
      "path": "nvflare.app_common.shareablegenerators.full_model_shareable_generator.FullModelShareableGenerator",
      "args": {}
    },
    {
      "id": "aggregator",
      "path": "nvflare.app_common.aggregators.intime_accumulate_model_aggregator.InTimeAccumulateWeightedAggregator",
      "args": {
        "expected_data_kind": "WEIGHTS",
        "aggregation_weights": {
          "site-1": 1.0,
          "site-2": 1.0
        }
      }
    },
    {
      "id": "model_locator",
      "path": "pt_model_locator.PTModelLocator",
      "args": {}
    },
    {
      "id": "json_generator",
      "path": "nvflare.app_common.widgets.validation_json_generator.ValidationJsonGenerator",
      "args": {}
    }
  ],
  "workflows": [
      {
        "id": "pre_train",
        "name": "InitializeGlobalWeights",
        "args": {
          "task_name": "get_weights"
        }
      },
      {
        "id": "scatter_and_gather",
        "name": "ScatterAndGather",
        "args": {
            "min_clients" : 2,
            "num_rounds" : 2,
            "start_round": 0,
            "wait_time_after_min_received": 10,
            "aggregator_id": "aggregator",
            "persistor_id": "persistor",
            "shareable_generator_id": "shareable_generator",
            "train_task_name": "train",
            "train_timeout": 0
        }
      },
      {
        "id": "cross_site_validate",
        "name": "CrossSiteModelEval",
        "args": {
          "model_locator_id": "model_locator"
        }
      }
  ]
}
