{
  "format_version": 2,

  "executors": [
    {
      "tasks": ["train", "submit_model", "get_weights"],
      "executor": {
        "path": "cifar10trainer.Cifar10Trainer",
        "args": {
          "lr": 0.01,
          "epochs": 1
        }
      }
    },
    {
      "tasks": ["validate"],
      "executor": {
        "path": "cifar10validator.Cifar10Validator",
        "args": {
        }
      }
    }
  ],
  "task_result_filters": [
  ],
  "task_data_filters": [
  ],
  "components": [
  ]
}
